<?xml version="1.0" encoding="UTF-8"?>
<beans xmlns="http://www.springframework.org/schema/beans" xmlns:context="http://www.springframework.org/schema/context" 
xmlns:xsi="http://www.w3.org/2001/XMLSchema-instance" xmlns:mvc="http://www.springframework.org/schema/mvc"
xsi:schemaLocation="http://www.springframework.org/schema/beans 
http://www.springframework.org/schema/beans/spring-beans-3.0.xsd
http://www.springframework.org/schema/context
http://www.springframework.org/schema/context/spring-context-3.0.xsd 
http://www.springframework.org/schema/mvc  
http://www.springframework.org/schema/mvc/spring-mvc.xsd">
 	 
 	<mvc:annotation-driven/>
 	
 	<mvc:resources location="/resources/images/" mapping="/resources/**"/>
 	
 	
 	<context:component-scan base-package="com.jeweldewel" />

 	
	<bean id="viewResolver" class="org.springframework.web.servlet.view.InternalResourceViewResolver">
		<property name="prefix" value="/WEB-INF/views/"/>	
		<property name="suffix" value=".jsp"/>
	</bean>
	<bean id="multipartResolver" class="org.springframework.web.multipart.commons.CommonsMultipartResolver">
		<property name="maxUploadSize" value="100000" />
</bean>
<bean id="mailSender" class="org.springframework.mail.javamail.JavaMailSenderImpl">
        <property name="host" value="smtp.gmail.com" />
        <property name="port" value="587"/>
        <property name="username" value="mentoramogh@gmail.com" />
        <property name="password" value="niit@nimrana" />
        	<property name="javaMailProperties">
            	<props>
            	
           				 	<prop key="mail.transport.protocal">smtp</prop>
           				 	<prop key="mail.smtp.auth">true</prop>
            			    <prop key="mail.smtp.starttls.enable">true</prop>
<!--                				 <prop key="mail.debug">true</prop> -->
            	</props>
        </property>
    </bean>

</beans>
